<?xml version="1.0" encoding="Windows-1252" ?>
<NotepadPlus>
   <!-- The key words of the supported languages, don't touch them! -->
   <Languages>
        <Language name="normal" ext="txt"/>
        <Language name="actionscript" ext="as mx" commentLine="//" commentStart="/*" commentEnd="*/">
            <Keywords name="instre1">add for lt tellTarget and function ne this break ge new typeof continue gt not var delete if on void do ifFrameLoaded onClipEvent while else in or with eq le return instanceof case default switch</Keywords>
            <Keywords name="type1">arguments constructor class dynamic false extends implements import interface intrinsic newline null private public super static true undefined Accessibility Arguments Array Boolean Button Camera ContextMenu ContextMenuItem CustomActions Color Date Error Function Key LoadVars LocalConnection Math Microphone Mouse MovieClip MovieClipLoader NetConnection NetStream Number PrintJob Object TextField StyleSheet TextFormat TextSnapshot SharedObject Selection Sound Stage String System XML XMLNode XMLSocket Void abs acos asin atan atan2 ceil cos exp floor log max min pow random round sin sqrt tan onActivity onChanged onClose onConnect onData onDragOut onDragOver onEnterFrame onID3 onKeyDown onKeyUp onKillFocus onLoad onLoadComplete onLoadError onLoadInit onLoadProgress onLoadStart onMouseDown onMouseMove onMouseUp onMouseWheel onPress onRelease onReleaseOutside onResize onRollOut onRollOver onScroller onSelect onSetFocus onSoundComplete onStatus onUnload onUpdate onXML addListener addPage addProperty addRequestHeader allowDomain allowInsecureDomain appendChild apply applyChanges asfunction attachAudio attachMovie attachSound attachVideo beginFill beginGradientFill call charAt charCodeAt clear clearInterval cloneNode close concat connect copy createElement createEmptyMovieClip createTextField createTextNode curveTo domain duplicateMovieClip endFill escape eval evaluate findText fscommand flush fromCharCode get getAscii getBeginIndex getBounds getBytesLoaded getBytesTotal getCaretIndex getCode getCount getDate getDay getDepth getEndIndex getFocus getFontList getFullYear getHours getInstanceAtDepth getLocal getMilliseconds getMinutes getMonth getNewTextFormat getNextHighestDepth getPan getProggress getProperty getRGB getSeconds getSelected getSelectedText getSize getStyle getStyleNames getSWFVersion getText getTextExtent getTextFormat getTextSnapshot getTime getTimer getTimezoneOffset getTransform getURL getUTCDate getUTCDay getUTCFullYear getUTCHours getUTCMilliseconds getUTCMinutes getUTCMonth getUTCSeconds getVersion getVolume getYear globalToLocal gotoAndPlay gotoAndStop hasChildNodes hide hideBuiltInItems hitTest hitTestTextNearPos indexOf insertBefore install isActive isDown isToggled join lastIndexOf lineStyle lineTo list load loadClip loadMovie loadMovieNum loadSound loadVariables loadVariablesNum localToGlobal mbchr mblength mbord mbsubstring MMExecute moveTo nextFrame nextScene parseCSS parseFloat parseInt parseXML pause play pop prevScene print printAsBitmap printAsBitmapNum printNum push registerClass removeListener removeMovieClip removeNode removeTextField replaceSel replaceText reverse seek send sendAndLoad setBufferTime set setDate setFocus setFullYear setGain setHours setInterval setMask setMilliseconds setMinutes setMode setMonth setMotionLevel setNewTextFormat setPan setProperty setQuality setRate setRGB setSeconds setSelectColor setSelected setSelection setSilenceLevel setStyle setTextFormat setTime setTransform setUseEchoSuppression setUTCDate setUTCFullYear setUTCHours setUTCMilliseconds setUTCMinutes setUTCMonth setUTCSeconds setVolume setYear shift show showSettings silenceLevel silenceTimeout slice sort sortOn splice split start startDrag stop stopAllSounds stopDrag substr substring swapDepths toggleHighQuality toLowerCase toString toUpperCase trace unescape uninstall unLoadClip unloadMovie unloadMovieNum unshift unwatch updateAfterEvent updateProperties useEchoSuppression valueOf watch endinitclip include initclip __proto__ _accProps _alpha _currentframe _droptarget _focusrect _framesloaded _global _height _highquality _level _lockroot _name _parent _quality _root _rotation _soundbuftime _target _totalframes _url _visible _width _x _xmouse _xscale _y _ymouse _yscale activityLevel align attributes autoSize avHardwareDisable background backgroundColor bandwidth blockIndent bold border borderColor bottomScroll bufferLenght bufferTime builtInItems bullet bytesLoaded bytesTotal callee caller capabilities caption childNodes color condenseWhite contentType currentFps customItems data deblocking docTypeDecl duration embedFonts enabled exactSettings firstChild focusEnabled font fps gain globalStyleFormat hasAccessibility hasAudio hasAudioEncoder hasEmbeddedVideo hasMP3 hasPrinting hasScreenBroadcast hasScreenPlayback hasStreamingAudio hasStreamingVideo hasVideoEncoder height hitArea hscroll html htmlText indent index italic instanceof int ignoreWhite isDebugger isFinite language lastChild leading leftMargin length loaded localFileReadDisable manufacturer maxChars maxhscroll maxscroll menu message motionLevel motionTimeout mouseWheelEnabled multiline muted name names NaN nextSibling nodeName nodeType nodeValue os parentNode password pixelAspectRatio playerType previousSibling prototype quality rate restrict resolutionX resolutionY rightMargin scaleMode screenColor screenDPI screenResolutionX screenResolutionY scroll selectable separatorBefore showMenu size smoothing status styleSheet tabChildren tabEnabled tabIndex tabStops target targetPath text textColor textHeight textWidth time trackAsMenu type underline url useCodepage useHandCursor variable version visible width wordWrap xmlDecl</Keywords>
        </Language>
        <Language name="ada" ext="ada ads adb" commentLine="--" commentStart="" commentEnd="">
            <Keywords name="instre1">abort abs abstract accept access aliased all and array at begin body case constant declare delay delta digits do else elsif end entry exception exit for function generic goto if in interface is limited loop mod new not null of or others out overriding package pragma private procedure protected raise range record rem renames requeue return reverse select separate some subtype synchronized tagged task terminate then type until use when while with xor</Keywords>
        </Language>
        <Language name="asm" ext="asm" commentLine=";" commentStart="" commentEnd="">
            <Keywords name="instre1">aaa aad aam aas adc add and call cbw cdqe clc cld cli cmc cmp cmps cmpsb cmpsw cwd daa das dec div esc hlt idiv imul in inc int into iret ja jae jb jbe jc jcxz je jg jge jl jle jmp jna jnae jnb jnbe jnc jne jng jnge jnl jnle jno jnp jns jnz jo jp jpe jpo js jz lahf lds lea les lods lodsb lodsw loop loope loopew loopne loopnew loopnz loopnzw loopw loopz loopzw mov movabs movs movsb movsw mul neg nop not or out pop popf push pushf rcl rcr ret retf retn rol ror sahf sal sar sbb scas scasb scasw shl shr stc std sti stos stosb stosw sub test wait xchg xlat xlatb xor bound enter ins insb insw leave outs outsb outsw popa pusha pushw arpl lar lsl sgdt sidt sldt smsw str verr verw clts lgdt lidt lldt lmsw ltr bsf bsr bt btc btr bts cdq cmpsd cwde insd iretd iretdf iretf jecxz lfs lgs lodsd loopd looped loopned loopnzd loopzd lss movsd movsx movsxd movzx outsd popad popfd pushad pushd pushfd scasd seta setae setb setbe setc sete setg setge setl setle setna setnae setnb setnbe setnc setne setng setnge setnl setnle setno setnp setns setnz seto setp setpe setpo sets setz shld shrd stosd bswap cmpxchg invd invlpg wbinvd xadd lock rep repe repne repnz repz cflush cpuid emms femms cmovo cmovno cmovb cmovc cmovnae cmovae cmovnb cmovnc cmove cmovz cmovne cmovnz cmovbe cmovna cmova cmovnbe cmovs cmovns cmovp cmovpe cmovnp cmovpo cmovl cmovnge cmovge cmovnl cmovle cmovng cmovg cmovnle cmpxchg486 cmpxchg8b loadall loadall286 ibts icebp int1 int3 int01 int03 iretw popaw popfw pushaw pushfw rdmsr rdpmc rdshr rdtsc rsdc rsldt rsm rsts salc smi smint smintold svdc svldt svts syscall sysenter sysexit sysret ud0 ud1 ud2 umov xbts wrmsr wrshr</Keywords>
            <Keywords name="instre2">f2xm1 fabs fadd faddp fbld fbstp fchs fclex fcom fcomp fcompp fdecstp fdisi fdiv fdivp fdivr fdivrp feni ffree fiadd ficom ficomp fidiv fidivr fild fimul fincstp finit fist fistp fisub fisubr fld fld1 fldcw fldenv fldenvw fldl2e fldl2t fldlg2 fldln2 fldpi fldz fmul fmulp fnclex fndisi fneni fninit fnop fnsave fnsavew fnstcw fnstenv fnstenvw fnstsw fpatan fprem fptan frndint frstor frstorw fsave fsavew fscale fsqrt fst fstcw fstenv fstenvw fstp fstsw fsub fsubp fsubr fsubrp ftst fwait fxam fxch fxtract fyl2x fyl2xp1 fsetpm fcos fldenvd fnsaved fnstenvd fprem1 frstord fsaved fsin fsincos fstenvd fucom fucomp fucompp fcomi fcomip ffreep fcmovb fcmove fcmovbe fcmovu fcmovnb fcmovne fcmovnbe fcmovnu</Keywords>
            <Keywords name="type1">ah al ax bh bl bp bx ch cl cr0 cr2 cr3 cr4 cs cx dh di dl dr0 dr1 dr2 dr3 dr6 dr7 ds dx eax ebp ebx ecx edi edx es esi esp fs gs rax rbx rcx rdx rdi rsi rbp rsp r8 r9 r10 r11 r12 r13 r14 r15 r8d r9d r10d r11d r12d r13d r14d r15d r8w r9w r10w r11w r12w r13w r14w r15w r8b r9b r10b r11b r12b r13b r14b r15b si sp ss st tr3 tr4 tr5 tr6 tr7 st0 st1 st2 st3 st4 st5 st6 st7 mm0 mm1 mm2 mm3 mm4 mm5 mm6 mm7 xmm0 xmm1 xmm2 xmm3 xmm4 xmm5 xmm6 xmm7 xmm8 xmm9 xmm10 xmm11 xmm12 xmm13 xmm14 xmm15</Keywords>
            <Keywords name="type2">.186 .286 .286c .286p .287 .386 .386c .386p .387 .486 .486p .8086 .8087 .alpha .break .code .const .continue .cref .data .data? .dosseg .else .elseif .endif .endw .err .err1 .err2 .errb .errdef .errdif .errdifi .erre .erridn .erridni .errnb .errndef .errnz .exit .fardata .fardata? .if .lall .lfcond .list .listall .listif .listmacro .listmacroall .model .no87 .nocref .nolist .nolistif .nolistmacro .radix .repeat .sall .seq .sfcond .stack .startup .tfcond .type .until .untilcxz .while .xall .xcref .xlist alias align assume catstr comm comment db dd df dosseg dq dt dup dw echo else elseif elseif1 elseif2 elseifb elseifdef elseifdif elseifdifi elseife elseifidn elseifidni elseifnb elseifndef end endif endm endp ends eq equ even exitm extern externdef extrn for forc ge goto group gt high highword if if1 if2 ifb ifdef ifdif ifdifi ife ifidn ifidni ifnb ifndef include includelib instr invoke irp irpc label le length lengthof local low lowword lroffset lt macro mask mod .msfloat name ne offset opattr option org %out page popcontext proc proto ptr public purge pushcontext record repeat rept seg segment short size sizeof sizestr struc struct substr subtitle subttl textequ this title type typedef union while width resb resw resd resq rest incbin times %define %idefine %xdefine %xidefine %undef %assign %iassign %strlen %substr %macro %imacro %endmacro %rotate %if %elif %else %endif %ifdef %ifndef %elifdef %elifndef %ifmacro %ifnmacro %elifmacro %elifnmacro %ifctk %ifnctk %elifctk %elifnctk %ifidn %ifnidn %elifidn %elifnidn %ifidni %ifnidni %elifidni %elifnidni %ifid %ifnid %elifid %elifnid %ifstr %ifnstr %elifstr %elifnstr %ifnum %ifnnum %elifnum %elifnnum %error %rep %endrep %exitrep %include %push %pop %repl endstruc istruc at iend alignb %arg %stacksize %local %line bits use16 use32 section absolute global common cpu import export</Keywords>
            <Keywords name="type3">$ ? @b @f addr basic byte c carry? dword far far16 fortran fword near near16 overflow? parity? pascal qword real4 real8 real10 sbyte sdword sign? stdcall sword syscall tbyte vararg word zero? flat near32 far32 abs all assumes at casemap common compact cpu dotname emulator epilogue error export expr16 expr32 farstack forceframe huge language large listing ljmp loadds m510 medium memory nearstack nodotname noemulator nokeyword noljmp nom510 none nonunique nooldmacros nooldstructs noreadonly noscoped nosignextend nothing notpublic oldmacros oldstructs os_dos para private prologue radix readonly req scoped setif2 smallstack tiny use16 use32 uses a16 a32 o16 o32 nosplit $$ seq wrt small .text .data .bss %0 %1 %2 %3 %4 %5 %6 %7 %8 %9</Keywords>
            <Keywords name="type4">addpd addps addsd addss andpd andps andnpd andnps cmpeqpd cmpltpd cmplepd cmpunordpd cmpnepd cmpnltpd cmpnlepd cmpordpd cmpeqps cmpltps cmpleps cmpunordps cmpneps cmpnltps cmpnleps cmpordps cmpeqsd cmpltsd cmplesd cmpunordsd cmpnesd cmpnltsd cmpnlesd cmpordsd cmpeqss cmpltss cmpless cmpunordss cmpness cmpnltss cmpnless cmpordss comisd comiss cvtdq2pd cvtdq2ps cvtpd2dq cvtpd2pi cvtpd2ps cvtpi2pd cvtpi2ps cvtps2dq cvtps2pd cvtps2pi cvtss2sd cvtss2si cvtsd2si cvtsd2ss cvtsi2sd cvtsi2ss cvttpd2dq cvttpd2pi cvttps2dq cvttps2pi cvttsd2si cvttss2si divpd divps divsd divss fxrstor fxsave ldmxscr lfence mfence maskmovdqu maskmovdq maxpd maxps paxsd maxss minpd minps minsd minss movapd movaps movdq2q movdqa movdqu movhlps movhpd movhps movd movq movlhps movlpd movlps movmskpd movmskps movntdq movnti movntpd movntps movntq movq2dq movsd movss movupd movups mulpd mulps mulsd mulss orpd orps packssdw packsswb packuswb paddb paddsb paddw paddsw paddd paddsiw paddq paddusb paddusw pand pandn pause paveb pavgb pavgw pavgusb pdistib pextrw pcmpeqb pcmpeqw pcmpeqd pcmpgtb pcmpgtw pcmpgtd pf2id pf2iw pfacc pfadd pfcmpeq pfcmpge pfcmpgt pfmax pfmin pfmul pmachriw pmaddwd pmagw pmaxsw pmaxub pminsw pminub pmovmskb pmulhrwc pmulhriw pmulhrwa pmulhuw pmulhw pmullw pmuludq pmvzb pmvnzb pmvlzb pmvgezb pfnacc pfpnacc por prefetch prefetchw prefetchnta prefetcht0 prefetcht1 prefetcht2 pfrcp pfrcpit1 pfrcpit2 pfrsqit1 pfrsqrt pfsub pfsubr pi2fd pinsrw psadbw pshufd pshufhw pshuflw pshufw psllw pslld psllq pslldq psraw psrad psrlw psrld psrlq psrldq psubb psubw psubd psubq psubsb psubsw psubusb psubusw psubsiw pswapd punpckhbw punpckhwd punpckhdq punpckhqdq punpcklbw punpcklwd punpckldq punpcklqdq pxor rcpps rcpss rsqrtps rsqrtss sfence shufpd shufps sqrtpd sqrtps sqrtsd sqrtss stmxcsr subpd subps subsd subss ucomisd ucomiss unpckhpd unpckhps unpcklpd unpcklps xorpd xorps</Keywords>
        </Language>
        <Language name="asn1" ext="mib" commentLine="" commentStart="" commentEnd="">
            <Keywords name="instre1">ACCESS AGENT AUGMENTS BEGIN BITS CAPABILITIES CHOICE COMPLIANCE CONTACT CONVENTION DEFINITIONS DEFVAL DESCRIPTION DISPLAY END ENTERPRISE EXPORTS FALSE FROM GROUP GROUPS HINT IDENTITY IMPLIED IMPORTS INCLUDES INDEX INFO LAST MANDATORY MAX MIN MODULE NOTATION NOTIFICATION NULL OBJECTS OBJECT-TYPE OF ORGANIZATION PRODUCT RELEASE REFERENCE REQUIRES REVISION SEQUENCE SIZE STATUS SUPPORTS SYNTAX TEXTUAL TRAP TYPE TRAP-TYPE UPDATED VALUE VARIABLES VARIATION WRITE</Keywords>
            <Keywords name="instre2">accessible create current deprecated for mandatory not notify not-accessible obsolete only optional read read-only read-write write</Keywords>
            <Keywords name="type1">ABSENT ANY APPLICATION BIT BOOLEAN BY COMPONENT COMPONENTS DEFAULT DEFINED ENUMERATED EXPLICIT EXTERNAL IMPLICIT INIFINITY MAX MIN MINUS OPTIONAL PRESENT PRIVATE REAL SET TAGS TRUE</Keywords>
            <Keywords name="type2">Counter Counter32 Counter64 DisplayString Gauge Gauge32 IDENTIFIER INTEGER Integer32 IpAddress NetworkAddress NsapAddress OBJECT OCTET Opaque PhysAddress STRING TimeTicks UInteger32 UNITS Unsigned32</Keywords>
        </Language>
        <Language name="asp" ext="asp" commentLine="'">
             <Keywords name="instre1">addhandler addressof andalso alias and ansi as assembly attribute auto begin boolean byref byte byval call case catch cbool cbyte cchar cdate cdec cdbl char cint class clng cobj compare const continue cshort csng cstr ctype currency date decimal declare default delegate dim do double each else elseif end enum erase error event exit explicit false finally for friend function get gettype global gosub goto handles if implement implements imports in inherits integer interface is let lib like load long loop lset me mid mod module mustinherit mustoverride mybase myclass namespace new next not nothing notinheritable notoverridable object on option optional or orelse overloads overridable overrides paramarray preserve private property protected public raiseevent readonly redim rem removehandler rset resume return select set shadows shared short single static step stop string structure sub synclock then throw to true try type typeof unload unicode until variant wend when while with withevents writeonly xor</Keywords>
        </Language>
        <Language name="bash" ext="bash sh bsh csh bash_profile bashrc profile" commentLine="#">
            <Keywords name="instre1">7z adduser alias apt-get ar as asa autoconf automake awk banner base64 basename bash bc bdiff blkid break bsdcpio bsdtar bunzip2 bzcmp bzdiff bzegrep bzfgrep bzgrep bzip2 bzip2recover bzless bzmore c++ cal calendar case cat cc cd cfdisk chattr chgrp chmod chown chroot chvt cksum clang clang++ clear cmp col column comm compgen compress continue convert cp cpio crontab crypt csplit ctags curl cut date dc dd deallocvt declare deluser depmod deroff df dialog diff diff3 dig dircmp dirname disown dmesg do done dpkg dpkg-deb du echo ed egrep elif else env esac eval ex exec exit expand export expr fakeroot false fc fdisk ffmpeg fgrep fi file find flex flock fmt fold for fsck function functions fuser fusermount g++ gas gawk gcc gdb genisoimage getconf getopt getopts git gpg gpgsplit gpgv grep gres groff groups gunzip gzexe hash hd head help hexdump hg history httpd iconv id if ifconfig ifdown ifquery ifup in insmod integer inxi ip ip6tables ip6tables-save ip6tables-restore iptables iptables-save iptables-restore ip jobs join kill killall killall5 lc ld ldd let lex line ln local logname look ls lsattr lsb_release lsblk lscpu lshw lslocks lsmod lsusb lzcmp lzegrep lzfgrep lzgrep lzless lzma lzmainfo lzmore m4 mail mailx make man mkdir mkfifo mkswap mktemp modinfo modprobe mogrify more mount msgfmt mt mv nameif nasm nc ndisasm netcat newgrp nl nm nohup ntps objdump od openssl p7zip pacman passwd paste patch pathchk pax pcat pcregrep pcretest perl pg ping ping6 pivot_root poweroff pr print printf ps pwd python python2 python3 ranlib read readlink readonly reboot reset return rev rm rmdir rmmod rpm rsync sed select service set sh sha1sum sha224sum sha256sum sha3sum sha512sum shift shred shuf shutdown size sleep sort spell split start stop strings strip stty su sudo sum suspend switch_root sync systemctl tac tail tar tee test then time times touch tr trap troff true tsort tty type typeset ulimit umask umount unalias uname uncompress unexpand uniq unlink unlzma unset until unzip unzipsfx useradd userdel uudecode uuencode vi vim wait wc wget whence which while who wpaste wstart xargs xdotool xxd xz xzcat xzcmp xzdiff xzfgrep xzgrep xzless xzmore yes yum zcat zcmp zdiff zegrep zfgrep zforce zgrep zless zmore znew zsh</Keywords>
        </Language>
        <Language name="c" ext="c lex" commentLine="//" commentStart="/*" commentEnd="*/">
            <Keywords name="instre1">if else switch case default break goto return for while do continue typedef sizeof NULL</Keywords>
            <Keywords name="type1">void struct union enum char short int long double float signed unsigned const static extern auto register volatile bool uint8_t uint16_t uint32_t uint64_t int8_t int16_t int32_t int64_t size_t time_t clock_t wchar_t FILE</Keywords>
        </Language>
        <Language name="cmake" ext="cmake" commentLine="#">
            <Keywords name="instre1">add_custom_command add_compile_definitions add_compile_options add_custom_command add_custom_target add_definitions add_dependencies add_executable add_library add_link_options add_subdirectory add_test aux_source_directory build_command build_name cmake_minimum_required configure_file create_test_sourcelist else elseif enable_language enable_testing endforeach endfunction endif endmacro endwhile exec_program execute_process export export_library_dependencies file find_file find_library find_package find_path find_program fltk_wrap_ui foreach function get_cmake_property get_directory_property get_filename_component get_source_file_property get_target_property get_test_property if include include_directories include_external_msproject include_regular_expression install install_files install_programs install_targets link_directories link_libraries list load_cache load_command macro make_directory mark_as_advanced math message option output_required_files project qt_wrap_cpp qt_wrap_ui remove remove_definitions separate_arguments set set_directory_properties set_source_files_properties set_target_properties set_tests_properties site_name source_group string subdir_depends subdirs target_compile_definitions target_compile_features target_compile_options target_include_directories target_link_directories target_link_libraries target_link_options target_sources try_compile try_run use_mangled_mesa utility_source variable_requires vtk_make_instantiator vtk_wrap_java vtk_wrap_python vtk_wrap_tcl while write_file</Keywords>
            <Keywords name="type1">ABSOLUTE ABSTRACT ADDITIONAL_MAKE_CLEAN_FILES ALL AND APPEND ARGS ASCII BEFORE CACHE CACHE_VARIABLES CLEAR COMMAND COMMANDS COMMAND_NAME COMMENT COMPARE COMPILE_FLAGS COPYONLY DEFINED DEFINE_SYMBOL DEPENDS DOC EQUAL ESCAPE_QUOTES EXCLUDE EXCLUDE_FROM_ALL EXISTS EXPORT_MACRO EXT EXTRA_INCLUDE FATAL_ERROR FILE FILES FORCE FUNCTION GENERATED GLOB GLOB_RECURSE GREATER GROUP_SIZE HEADER_FILE_ONLY HEADER_LOCATION IMMEDIATE INCLUDES INCLUDE_DIRECTORIES INCLUDE_INTERNALS INCLUDE_REGULAR_EXPRESSION LESS LINK_DIRECTORIES LINK_FLAGS LOCATION MACOSX_BUNDLE MACROS MAIN_DEPENDENCY MAKE_DIRECTORY MATCH MATCHALL MATCHES MODULE NAME NAME_WE NOT NOTEQUAL NO_SYSTEM_PATH OBJECT_DEPENDS OPTIONAL OR OUTPUT OUTPUT_VARIABLE PATH PATHS POST_BUILD POST_INSTALL_SCRIPT PREFIX PREORDER PRE_BUILD PRE_INSTALL_SCRIPT PRE_LINK PROGRAM PROGRAM_ARGS PROPERTIES QUIET RANGE READ REGEX REGULAR_EXPRESSION REPLACE REQUIRED RETURN_VALUE RUNTIME_DIRECTORY SEND_ERROR SHARED SOURCES STATIC STATUS STREQUAL STRGREATER STRLESS SUFFIX TARGET TOLOWER TOUPPER VAR VARIABLES VERSION WIN32 WRAP_EXCLUDE WRITE APPLE MINGW MSYS CYGWIN BORLAND WATCOM MSVC MSVC_IDE MSVC60 MSVC70 MSVC71 MSVC80 CMAKE_COMPILER_2005 OFF ON</Keywords>
            <Keywords name="type2"></Keywords>
        </Language>
        <Language name="cobol" ext="cbl cbd cdb cdc cob cpy copy lst" commentLine="*>">
            <!-- note: used as "declarations" - grouping of main divisions/sections + EXEC -->
            <Keywords name="instre1">configuration data declaratives division environment file file-control function function-id i-o i-o-control identification input input-output linkage local-storage output procedure program program-id screen section special-names working-storage exec end-exec</Keywords>
            <!-- note: used as "instructions" - statements (known to GnuCOBOL) + else/when/also + intrinsic function names -->
            <Keywords name="instre2">accept add allocate alter call cancel close commit compute continue delete destroy disable display divide enable entry evaluate also when exit free generate go to goback if else initialize initiate inquire invoke inspect merge modify move multiply next sentence open perform purge raise read ready receive release reset resume return rewrite rollback search send set sort start stop string subtract suppress terminate transform unlock unstring use validate write   end-accept end-add end-call end-compute end-delete end-display end-divide end-evaluate end-if end-multiply end-of-page end-perform end-read end-receive end-return end-rewrite end-search end-start end-string end-subtract end-unstring end-write   copy replace   abs acos annuity asin atan boolean-of-integer byte-length char char-national combined-datetime concatenate cos currency-symbol current-date date-of-integer date-to-yyyymmdd day-of-integer day-to-yyyyddd display-of e exception-file exception-file-n exception-location exception-location-n exception-statement exception-status exp exp10 factorial formatted-current-date formatted-date formatted-datetime formatted-time fraction-part highest-algebraic integer integer-of-boolean integer-of-date integer-of-day integer-of-formatted-date integer-part length length-an locale-compare locale-date locale-time locale-time-from-seconds log log10 lower-case lowest-algebraic max mean median midrange min mod module-caller-id module-date module-formatted-date module-id module-path module-source module-time monetary-decimal-point monetary-thousands-separator national-of numeric-decimal-point numeric-thousands-separator numval numval-c numval-f ord ord-max ord-min pi present-value random range rem reverse seconds-from-formatted-time seconds-past-midnight sign sin sqrt standard-compare standard-deviation stored-char-length substitute substitute-case sum tan test-date-yyyymmdd test-day-yyyyddd test-formatted-datetime test-numval test-numval-c test-numval-f trim upper-case variance when-compiled year-to-yyyy</Keywords>
            <!-- note: used as "keywords"     - figurative constants + ANSI85 obsolete entries in IDENTIFICATION DIVISION + registers & system names + all other reserved words (known to GnuCOBOL including extensions from IBM/MF/RM/ACUCOBOL) without one-char words (fsuvxy) -->
            <Keywords name="type1">high-value high-values low-value low-values space spaces quote quotes zero zeroes zeros  author date-compiled date-modified date-written installation remarks security   cob-crt-status debug-item debug-line debug-name debug-sub-1 debug-sub-2 debug-sub-3 debug-contents number-of-call-parameters return-code return-code-unsigned sort-return  tally dialect-all jnienvptr json-code linage-counter shift-in shift-out sort-control sort-core-size sort-file-size sort-message sort-mode-size  xml-code xml-event xml-information xml-namespace xml-namespace-prefix xml-nnamespace xml-nnamespace-prefix xml-ntext xml-text  sysin sysipt stdin sysout syslist syslst stdout print printer printer-1 syserr stderr console c01 c02 c03 c04 c05 c06 c07 c08 c09 c10 c11 c12 csp formfeed call-convention  switch-0 switch-1 switch-2 switch-3 switch-4 switch-5 switch-6 switch-7 switch-8 switch-9 switch-10 switch-11 switch-12 switch-13 switch-14 switch-15 switch-16 switch-17 switch-18  switch-19 switch-20 switch-21 switch-22 switch-23 switch-24 switch-25 switch-26 switch-27 switch-28 switch-29 switch-30 switch-31 switch-32 switch-33 switch-34 switch-35 switch-36  upsi-0 upsi-1 upsi-2 upsi-3 upsi-4 upsi-5 upsi-6 upsi-7  access active-class address advancing after aligned all alphabet alphabetic alphabetic-lower alphabetic-upper alphanumeric alphanumeric-edited alternate and any anycase are area areas as ascending assign at automatic  b-and b-not b-or b-xor based before binary binary-char binary-double binary-long binary-sequential binary-short bit blank block boolean bottom by  cd cf ch character characters class class-id clock-units code-set col collating cols column columns comma common communication comp comp-3 comp-5 computational computational-3 computational-5 condition constant contains content control controls converting corr corresponding count crt currency cursor  data-pointer date day day-of-week de debugging decimal-point default delimited delimiter depending descending destination detail down duplicates dynamic ec egi emi end enter eo eop equal equals error esi every exception exception-object exclusive extend external  factory false farthest-from-zero fd filler final first float-binary-128 float-binary-32 float-binary-64 float-decimal-16 float-decimal-34 float-extended float-infinity float-long float-not-a-number-quiet float-not-a-number-signaling float-short footing for format from function-pointer  get giving global greater group group-usage heading in in-arithmetic-range index indexed indicate inherits initial initialized interface interface-id into invalid is just justified key label last leading left less limit limits linage line line-counter line-sequential lines locale lock  manual message method method-id minus mode modules multiple national national-edited native nearest-to-zero negative negative-infinity nested no not null number numbers numeric numeric-edited object object-computer object-reference occurs of off omitted on only optional options or order organization other overflow override  packed-decimal padding page page-counter pf ph physical pic picture plus pointer position positive positive-infinity present previous printing procedures proceed program-pointer property prototype queue  raising rd record records redefines reel reference references relative remainder removal renames replacing report reporting reports repository rerun reserve retry returning reversed rewind rf rh right rounded run  same sd segment segment-limit select self separate sequence sequential sharing signed size sort-merge source source-computer sources standard standard-1 standard-2 status step sub-queue-1 sub-queue-2 sub-queue-3 super symbolic sync synchronized system-default  table tallying terminal test text than then through thru time times top trailing true type typedef unit universal unsigned until up upon usage user-default using val-status valid validate-status value values varying with words  arithmetic attribute auto away-from-zero background-color bell binary-c-long binary-encoding blink capacity center chaining classification cobol comp-1 comp-4 comp-6 comp-x computational-1 computational-4 computational-6 computational-x cycle  decimal-encoding entry-convention eol eos erase expands float-binary float-decimal float-not-a-number foreground-color forever full high-order-left high-order-right highlight ignoring implements intermediate intrinsic lc_all lc_collate lc_ctype lc_messages lc_monetary lc_numeric lc_time lowlight  memory nearest-away-from-zero nearest-even-intermediate nearest-toward-zero none normal  paragraph prefixed prohibited recursive relation required reverse-video rounding seconds secure short standard-binary standard-decimal statement strong structure symbol tape toward-greater toward-lesser truncation ucs-4 underline utf-16 utf-8 yyyyddd yyyymmdd  3-d apply background background-high background-low bar blob bold box busy cbl clob combo-box dbclob dbcs draw drop grid grip high hot-track hscroll hscroll-pos id imp kanji low num-rows o-fill oostackptr pos prompt public rowid scroll scroll-bar shadow skip1 skip2 skip3 sql  tab track-thumb unbounded variant virtual-width vscroll vscroll-bar vscroll-pos wait width wrap xml</Keywords>
        </Language>
        <Language name="cpp" ext="h hh hpp hxx cpp cxx cc ino" commentLine="//" commentStart="/*" commentEnd="*/">
            <Keywords name="instre1">alignof and and_eq bitand bitor break case catch compl const_cast continue default delete do dynamic_cast else false for goto if namespace new not not_eq nullptr operator or or_eq reinterpret_cast return sizeof static_assert static_cast switch this throw true try typedef typeid using while xor xor_eq NULL</Keywords>
            <Keywords name="type1">alignas asm auto bool char char16_t char32_t class clock_t const constexpr decltype double enum explicit export extern final float friend inline int int8_t int16_t int32_t int64_t int_fast8_t int_fast16_t int_fast32_t int_fast64_t intmax_t intptr_t long mutable noexcept override private protected ptrdiff_t public register short signed size_t ssize_t static struct template thread_local time_t typename uint8_t uint16_t uint32_t uint64_t uint_fast8_t uint_fast16_t uint_fast32_t uint_fast64_t uintmax_t uintptr_t union unsigned virtual void volatile wchar_t</Keywords>
            <Keywords name="type2">a addindex addtogroup anchor arg attention author authors b brief bug c callergraph callgraph category cite class code cond copybrief copydetails copydoc copyright date def defgroup deprecated details diafile dir docbookonly dontinclude dot dotfile e else elseif em endcode endcond enddocbookonly enddot endhtmlonly endif endinternal endlatexonly endlink endmanonly endmsc endparblock endrtfonly endsecreflist enduml endverbatim endxmlonly enum example exception extends f$ f[ f] file fn f{ f} headerfile hidecallergraph hidecallgraph hideinitializer htmlinclude htmlonly idlexcept if ifnot image implements include includelineno ingroup interface internal invariant latexinclude latexonly li line link mainpage manonly memberof msc mscfile n name namespace nosubgrouping note overload p package page par paragraph param parblock post pre private privatesection property protected protectedsection protocol public publicsection pure ref refitem related relatedalso relates relatesalso remark remarks result return returns retval rtfonly sa secreflist section see short showinitializer since skip skipline snippet startuml struct subpage subsection subsubsection tableofcontents test throw throws todo tparam typedef union until var verbatim verbinclude version vhdlflow warning weakgroup xmlonly xrefitem</Keywords>
        </Language>
        <Language name="cs" ext="cs" commentLine="//" commentStart="/*" commentEnd="*/">
            <Keywords name="instre1">abstract add alias as ascending async await base break case catch checked continue default delegate descending do dynamic else event explicit extern false finally fixed for foreach from get global goto group if implicit in interface internal into is join let lock namespace new null object operator orderby out override params partial private protected public readonly ref remove return sealed select set sizeof stackalloc switch this throw true try typeof unchecked unsafe using value virtual where while yield</Keywords>
            <Keywords name="type1">bool byte char class const decimal double enum float int long sbyte short static string struct uint ulong ushort var void</Keywords>
        </Language>
        <Language name="css" ext="css" commentStart="/*" commentEnd="*/">
            <Keywords name="instre1">-khtml-background-clip -khtml-background-origin -khtml-background-size -khtml-border-bottom-left-radius -khtml-border-bottom-right-radius -khtml-border-radius -khtml-border-top-left-radius -khtml-border-top-right-radius -khtml-opacity -moz-animation -moz-animation-delay -moz-animation-direction -moz-animation-duration -moz-animation-fill-mode -moz-animation-iteration-count -moz-animation-name -moz-animation-play-state -moz-animation-timing-function -moz-appearance -moz-background-clip -moz-background-inline-policy -moz-background-origin -moz-background-size -moz-binding -moz-border-bottom-colors -moz-border-end -moz-border-end-color -moz-border-end-style -moz-border-end-width -moz-border-image -moz-border-left-colors -moz-border-radius -moz-border-radius-bottomleft -moz-border-radius-bottomright -moz-border-radius-topleft -moz-border-radius-topright -moz-border-right-colors -moz-border-start -moz-border-start-color -moz-border-start-style -moz-border-start-width -moz-border-top-colors -moz-box-align -moz-box-direction -moz-box-flex -moz-box-flex-group -moz-box-flexgroup -moz-box-ordinal-group -moz-box-orient -moz-box-pack -moz-box-shadow -moz-box-sizing -moz-column-count -moz-column-gap -moz-column-rule -moz-column-rule-color -moz-column-rule-style -moz-column-rule-width -moz-column-width -moz-float-edge -moz-force-broken-image-icon -moz-image-region -moz-linear-gradient -moz-margin-end -moz-margin-start -moz-opacity -moz-outline -moz-outline-color -moz-outline-offset -moz-outline-radius -moz-outline-radius-bottomleft -moz-outline-radius-bottomright -moz-outline-radius-topleft -moz-outline-radius-topright -moz-outline-style -moz-outline-width -moz-padding-end -moz-padding-start -moz-radial-gradient -moz-stack-sizing -moz-text-decoration-color -moz-text-decoration-line -moz-text-decoration-style -moz-transform -moz-transform-origin -moz-transition -moz-transition-delay -moz-transition-duration -moz-transition-property -moz-transition-timing-function -moz-user-focus -moz-user-input -moz-user-modify -moz-user-select -moz-window-shadow -ms-filter -ms-transform -ms-transform-origin -o-transform -webkit-animation -webkit-animation-delay -webkit-animation-direction -webkit-animation-duration -webkit-animation-fill-mode -webkit-animation-iteration-count -webkit-animation-name -webkit-animation-play-state -webkit-animation-timing-function -webkit-appearance -webkit-backface-visibility -webkit-background-clip -webkit-background-composite -webkit-background-origin -webkit-background-size -webkit-border-bottom-left-radius -webkit-border-bottom-right-radius -webkit-border-horizontal-spacing -webkit-border-image -webkit-border-radius -webkit-border-top-left-radius -webkit-border-top-right-radius -webkit-border-vertical-spacing -webkit-box-align -webkit-box-direction -webkit-box-flex -webkit-box-flex-group -webkit-box-lines -webkit-box-ordinal-group -webkit-box-orient -webkit-box-pack -webkit-box-reflect -webkit-box-shadow -webkit-box-sizing -webkit-column-break-after -webkit-column-break-before -webkit-column-break-inside -webkit-column-count -webkit-column-gap -webkit-column-rule -webkit-column-rule-color -webkit-column-rule-style -webkit-column-rule-width -webkit-column-width -webkit-columns -webkit-dashboard-region -webkit-font-smoothing -webkit-gradient -webkit-line-break -webkit-linear-gradient -webkit-margin-bottom-collapse -webkit-margin-collapse -webkit-margin-start -webkit-margin-top-collapse -webkit-marquee -webkit-marquee-direction -webkit-marquee-increment -webkit-marquee-repetition -webkit-marquee-speed -webkit-marquee-style -webkit-mask -webkit-mask-attachment -webkit-mask-box-image -webkit-mask-clip -webkit-mask-composite -webkit-mask-image -webkit-mask-origin -webkit-mask-position -webkit-mask-position-x -webkit-mask-position-y -webkit-mask-repeat -webkit-mask-size -webkit-nbsp-mode -webkit-padding-start -webkit-perspective -webkit-perspective-origin -webkit-radial-gradient -webkit-rtl-ordering -webkit-tap-highlight-color -webkit-text-fill-color -webkit-text-security -webkit-text-size-adjust -webkit-text-stroke -webkit-text-stroke-color -webkit-text-stroke-width -webkit-touch-callout -webkit-transform -webkit-transform-origin -webkit-transform-origin-x -webkit-transform-origin-y -webkit-transform-origin-z -webkit-transform-style -webkit-transition -webkit-transition-delay -webkit-transition-duration -webkit-transition-property -webkit-transition-timing-function -webkit-user-drag -webkit-user-modify -webkit-user-select align-content align-items align-self alignment-adjust alignment-baseline all animation animation-delay animation-direction animation-duration animation-fill-mode animation-iteration-count animation-name animation-play-state animation-timing-function appearance azimuth backface-visibility background background-attachment background-blend-mode background-break background-clip background-color background-image background-origin background-position background-repeat background-size baseline-shift binding bleed bookmark-label bookmark-level bookmark-state bookmark-target border border-bottom border-bottom-color border-bottom-left-radius border-bottom-right-radius border-bottom-style border-bottom-width border-collapse border-color border-image border-image-outset border-image-repeat border-image-slice border-image-source border-image-width border-left border-left-color border-left-style border-left-width border-radius border-right border-right-color border-right-style border-right-width border-spacing border-style border-top border-top-color border-top-left-radius border-top-right-radius border-top-style border-top-width border-width bottom box-align box-decoration-break box-direction box-flex box-flex-group box-lines box-ordinal-group box-orient box-pack box-shadow box-sizing break-after break-before break-inside caption-side clear clip color color-profile column-count column-fill column-gap column-rule column-rule-color column-rule-style column-rule-width column-span column-width columns content counter-increment counter-reset crop cue cue-after cue-before cursor direction display dominant-baseline drop-initial-after-adjust drop-initial-after-align drop-initial-before-adjust drop-initial-before-align drop-initial-size drop-initial-value elevation empty-cells filter fit fit-position flex flex-basis flex-direction flex-flow flex-grow flex-shrink flex-wrap float float-offset font font-effect font-emphasize font-family font-size font-size-adjust font-stretch font-style font-variant font-weight grid-columns grid-rows hanging-punctuation height hyphenate-after hyphenate-before hyphenate-character hyphenate-lines hyphenate-resource hyphens icon image-orientation image-rendering image-resolution inline-box-align justify-content left letter-spacing line-height line-stacking line-stacking-ruby line-stacking-shift line-stacking-strategy list-style list-style-image list-style-position list-style-type margin margin-bottom margin-left margin-right margin-top mark mark-after mark-before marker-offset marks marquee-direction marquee-play-count marquee-speed marquee-style max-height max-width min-height min-width move-to nav-down nav-index nav-left nav-right nav-up opacity order orphans outline outline-color outline-offset outline-style outline-width overflow overflow-style overflow-x overflow-y padding padding-bottom padding-left padding-right padding-top page page-break-after page-break-before page-break-inside page-policy pause pause-after pause-before perspective perspective-origin phonemes pitch pitch-range play-during position presentation-level punctuation-trim quotes rendering-intent resize rest rest-after rest-before richness right rotation rotation-point ruby-align ruby-overhang ruby-position ruby-span size speak speak-header speak-numeral speak-punctuation speech-rate stress string-set tab-size table-layout target target-name target-new target-position text-align text-align-last text-decoration text-decoration-color text-decoration-line text-decoration-style text-emphasis text-height text-indent text-justify text-outline text-overflow text-shadow text-transform text-wrap top transform transform-origin transform-style transition transition-delay transition-duration transition-property transition-timing-function unicode-bidi vertical-align visibility voice-balance voice-duration voice-family voice-pitch voice-pitch-range voice-rate voice-stress voice-volume volume white-space white-space-collapse widows width word-break word-spacing word-wrap z-index</Keywords>
            <Keywords name="instre2">active after before check checked disabled empty enabled first first-child first-letter first-line first-of-type focus hover indeterminate invalid lang last-child last-of-type left link not nth-child nth-last-child nth-of-type nth-last-of-type only-child only-of-type optional read-only read-write required right root selection target valid visited</Keywords>
        </Language>
        <Language name="diff" ext="diff patch">
        </Language>
        <Language name="escript" ext="src em" commentLine="" commentStart="" commentEnd="">
            <Keywords name="instre1">basic basicio boats cfgfile file http npc os uo util accessible addmenuitem appendconfigfileelem applyconstraint applydamage applyrawdamage assignrecttoweatherregion append baseskilltorawskill boatfromitem broadcast ban cdbl cint cstr checklineofsight checklosat checkskill consumemana consumereagents consumesubstance createaccount createitematlocation createiteminbackpack createitemininventory createitemincontainer createmenu createmultiatlocation createnpcfromtemplate createrootiteminstoragearea createstoragearea clear_script_profile_counters close damage destroyitem destroymulti destroyrootiteminstoragearea detach disableevents disconnectclient distance disable enableevents enumerateitemsincontainer enumerateonlinecharacters equipfromtemplate equipitem eraseglobalproperty eraseobjproperty enable enabled erase events_waiting exists findconfigelem findobjtypeincontainer findrootiteminstoragearea findstoragearea fclose find fopen fread fseek ftell fwrite gamestat getamount getcommandhelp getconfigint getconfigintkeys getconfigmaxintkey getconfigreal getconfigstring getconfigstringkeys getconfigstringarray getelemproperty getequipmentbylayer getglobalproperty getharvestdifficulty getmapinfo getmenuobjtypes getobjproperty getobjtype getobjtypebyname getproperty getrawskill getregionstring getskill getspelldifficulty getstandingheight getworldheight grantprivilege harvestresource healdamage hex islegalmove insert keys listequippeditems listghostsnearlocation listhostiles listitemsatlocation listitemsnearlocation listitemsnearlocationoftype listmobilesinlineofsight listmobilesnearlocation listmobilesnearlocationex listobjectsinbox loadtusscpfile left len log_profile lower makeboundingbox move moveboat moveboatrelative movecharactertolocation moveitemtocontainer moveitemtolocation move_offline_mobiles openpaperdoll open pack performaction playlightningbolteffect playmovingeffect playmovingeffectxyz playobjectcenteredeffect playsoundeffect playsoundeffectprivate playstationaryeffect printtextabove printtextaboveprivate packages polcore position print queryparam randomdiceroll randomint rawskilltobaseskill readconfigfile readgameclock releaseitem registerforspeechevents registeritemwithboat requestinput reserveitem restartscript resurrect revokeprivilege runawayfrom runawayfromlocation runtoward runtowardlocation reverse run_script_to_completion saveworldstate selectmenuitem2 self sendbuywindow senddialoggump sendevent sendopenspecialcontainer sendpacket sendsellwindow sendskillwindow sendstringastipwindow sendsysmessage sendtextentrygump setanchor setglobalproperty setname setobjproperty setopponent setproperty setrawskill setregionlightlevel setregionweatherlevel setscriptcontroller setwarmode shutdown speakpowerwords splitwords startspelleffect subtractamount systemfindboatbyserial systemfindobjectbyserial say set_critical set_debug set_priority set_priority_divide set_script_option setcmdlevel setdex setint setlightlevel setmaster setname setpassword setstr shrink size sleep sleepms sort spendgold squelch start_script syslog system_rpm target targetcoordinates targetmultiplacement turnawayfrom turnawayfromlocation turnboat turntoward turntowardlocation toggle unloadconfigfile unpack unban unload_scripts upper walkawayfrom walkawayfromlocation walktoward walktowardlocation wander writehtml writehtmlraw wait_for_event movechar_forcelocation moveitem_forcelocation moveitem_normal scriptopt_debug scriptopt_no_interrupt scriptopt_no_runaway te_cancel_disable te_cancel_enable te_style_disable te_style_normal te_style_numerical tgtopt_check_los tgtopt_harmful tgtopt_helpful tgtopt_neutral tgtopt_nocheck_los setprop getprop</Keywords>
            <Keywords name="instre2">array const dictionary global local var and default in next not or return to include use enum</Keywords>
            <Keywords name="type1">while for endfor function program endprogram endfunction foreach case else elseif if endcase endenum endforeach endif endwhile</Keywords>
        </Language>
        <Language name="haskell" ext="hs lhs las"  commentLine="--">
            <Keywords name="instre1">as case class data default deriving do else hiding if import in infix infixl infixr instance let module newtype of proc qualified rec then type where _</Keywords>
        </Language>
        <Language name="html" ext="html htm shtml shtm xhtml xht hta" commentLine="" commentStart="&lt;!--" commentEnd="--&gt;">
            <Keywords name="instre1">!doctype a abbr accept accept-charset accesskey acronym action address align alink alt applet archive area article aside async audio autocomplete autofocus axis b background base basefont bdi bdo bgcolor bgsound big blink blockquote body border br button canvas caption cellpadding cellspacing center char charoff charset checkbox checked cite class classid clear code codebase codetype col colgroup color cols colspan command compact content contenteditable contextmenu coords data datafld dataformatas datalist datapagesize datasrc datetime dd declare defer del details dfn dialog dir disabled div dl draggable dropzone dt element em embed enctype event face fieldset figcaption figure file font footer for form formaction formenctype formmethod formnovalidate formtarget frame frameborder frameset h1 h2 h3 h4 h5 h6 head header headers height hgroup hidden hr href hreflang hspace html http-equiv i id iframe image img input ins isindex ismap kbd keygen label lang language leftmargin legend li link list listing longdesc main manifest map marginheight marginwidth mark marquee max maxlength media menu menuitem meta meter method min multicol multiple name nav nobr noembed noframes nohref noresize noscript noshade novalidate nowrap object ol onabort onafterprint onautocomplete onautocompleteerror onbeforeonload onbeforeprint onblur oncancel oncanplay oncanplaythrough onchange onclick onclose oncontextmenu oncuechange ondblclick ondrag ondragend ondragenter ondragleave ondragover ondragstart ondrop ondurationchange onemptied onended onerror onfocus onhashchange oninput oninvalid onkeydown onkeypress onkeyup onload onloadeddata onloadedmetadata onloadstart onmessage onmousedown onmouseenter onmouseleave onmousemove onmouseout onmouseover onmouseup onmousewheel onoffline ononline onpagehide onpageshow onpause onplay onplaying onpointercancel onpointerdown onpointerenter onpointerleave onpointerlockchange onpointerlockerror onpointermove onpointerout onpointerover onpointerup onpopstate onprogress onratechange onreadystatechange onredo onreset onresize onscroll onseeked onseeking onselect onshow onsort onstalled onstorage onsubmit onsuspend ontimeupdate ontoggle onundo onunload onvolumechange onwaiting optgroup option output p param password pattern picture placeholder plaintext pre profile progress prompt public q radio readonly rel required reset rev reversed role rows rowspan rp rt rtc ruby rules s samp sandbox scheme scope scoped script seamless section select selected shadow shape size sizes small source spacer span spellcheck src srcdoc standby start step strike strong style sub submit summary sup svg svg:svg tabindex table target tbody td template text textarea tfoot th thead time title topmargin tr track tt type u ul usemap valign value valuetype var version video vlink vspace wbr width xml xmlns xmp</Keywords>
        </Language>
        <Language name="ini" ext="ini inf url wer" commentLine=";">
        </Language>
        <Language name="ihex" ext="hex" />
        <Language name="java" ext="java" commentLine="//" commentStart="/*" commentEnd="*/">
            <Keywords name="instre1">instanceof assert if else switch case default break goto return for while do continue new throw throws try catch finally this super extends implements import true false null</Keywords>
            <Keywords name="type1">package transient strictfp void char short int long double float const static volatile byte boolean class interface native private protected public final abstract synchronized enum</Keywords>
        </Language>
		<!-- Embedded javascript -->
        <Language name="javascript" ext="" commentLine="//" commentStart="/*" commentEnd="*/">
            <Keywords name="instre1">abstract async await boolean break byte case catch char class const continue debugger default delete do double else enum export extends final finally float for function goto if implements import in instanceof int interface let long native new null of package private protected public return short static super switch synchronized this throw throws transient try typeof var void volatile while with true false prototype yield</Keywords>
        </Language>
        <Language name="javascript.js" ext="js jsm jsx ts tsx" commentLine="//" commentStart="/*" commentEnd="*/">
            <Keywords name="instre1">abstract async await boolean break byte case catch char class const continue debugger default delete do double else enum export extends final finally float for function goto if implements import in instanceof int interface let long native new null of package private protected public return short static super switch synchronized this throw throws transient try typeof var void volatile while with true false prototype yield</Keywords>
			<Keywords name="type1">Array Date eval hasOwnProperty Infinity isFinite isNaN isPrototypeOf Math NaN Number Object prototype String toString undefined valueOf</Keywords>
			<Keywords name="instre2">alert all anchor anchors area assign blur button checkbox clearInterval clearTimeout clientInformation close closed confirm constructor crypto decodeURI decodeURIComponent defaultStatus document element elements embed embeds encodeURI encodeURIComponent escape event fileUpload focus form forms frame innerHeight innerWidth layer layers link location mimeTypes navigate navigator frames frameRate hidden history image images offscreenBuffering onblur onclick onerror onfocus onkeydown onkeypress onkeyup onmouseover onload onmouseup onmousedown onsubmit open opener option outerHeight outerWidth packages pageXOffset pageYOffset parent parseFloat parseInt password pkcs11 plugin prompt propertyIsEnum radio reset screenX screenY scroll secure select self setInterval setTimeout status submit taint text textarea top unescape untaint window</Keywords>
        </Language>
		<Language name="json" ext="json" commentLine="" commentStart="" commentEnd="">
            <Keywords name="instre1">false null true</Keywords>
        </Language>
        <Language name="jsp" ext="jsp" commentLine="//" commentStart="/*" commentEnd="*/"/>
        <Language name="lisp" ext="lsp lisp" commentLine=";">
            <Keywords name="instre1">not defun + - * / = &lt; &gt; &lt;= &gt;= princ eval apply funcall quote identity function complement backquote lambda set setq setf defmacro gensym make symbol intern name value plist get getf putprop remprop hash array aref car cdr caar cadr cdar cddr caaar caadr cadar caddr cdaar cdadr cddar cdddr caaaar caaadr caadar caaddr cadaar cadadr caddar cadddr cdaaar cdaadr cdadar cdaddr cddaar cddadr cdddar cddddr cons list append reverse last nth nthcdr member assoc subst sublis nsubst nsublis remove length mapc mapcar mapl maplist mapcan mapcon rplaca rplacd nconc delete atom symbolp numberp boundp null listp consp minusp zerop plusp evenp oddp eq eql equal cond case and or let l if prog prog1 prog2 progn go return do dolist dotimes catch throw error cerror break continue errset baktrace evalhook truncate float rem min max abs sin cos tan expt exp sqrt random logand logior logxor lognot bignums logeqv lognand lognor logorc2 logtest logbitp logcount integer nil</Keywords>
            <Keywords name="instre2"></Keywords>
        </Language>
        <Language name="latex" ext="tex sty" commentLine="" commentStart="" commentEnd="">
        </Language>
        <Language commentLine="--" ext="lua" name="lua">
            <Keywords name="instre1">and break do else elseif end false for function goto if in local nil not or repeat return then true until while</Keywords>
            <Keywords name="instre2">_ENV _G _VERSION assert collectgarbage dofile error getfenv getmetatable ipairs load loadfile loadstring module next pairs pcall print rawequal rawget rawlen rawset require select setfenv setmetatable tonumber tostring type unpack xpcall string table math bit32 coroutine io os debug package __index __newindex __call __add __sub __mul __div __mod __pow __unm __concat __len __eq __lt __le __gc __mode</Keywords>
            <Keywords name="type1">byte char dump find format gmatch gsub len lower match rep reverse sub upper abs acos asin atan atan2 ceil cos cosh deg exp floor fmod frexp ldexp log log10 max min modf pow rad random randomseed sin sinh sqrt tan tanh arshift band bnot bor btest bxor extract lrotate lshift replace rrotate rshift shift string.byte string.char string.dump string.find string.format string.gmatch string.gsub string.len string.lower string.match string.rep string.reverse string.sub string.upper table.concat table.insert table.maxn table.pack table.remove table.sort table.unpack math.abs math.acos math.asin math.atan math.atan2 math.ceil math.cos math.cosh math.deg math.exp math.floor math.fmod math.frexp math.huge math.ldexp math.log math.log10 math.max math.min math.modf math.pi math.pow math.rad math.random math.randomseed math.sin math.sinh math.sqrt math.tan math.tanh bit32.arshift bit32.band bit32.bnot bit32.bor bit32.btest bit32.bxor bit32.extract bit32.lrotate bit32.lshift bit32.replace bit32.rrotate bit32.rshift</Keywords>
            <Keywords name="type2">close flush lines read seek setvbuf write clock date difftime execute exit getenv remove rename setlocale time tmpname coroutine.create coroutine.resume coroutine.running coroutine.status coroutine.wrap coroutine.yield io.close io.flush io.input io.lines io.open io.output io.popen io.read io.tmpfile io.type io.write io.stderr io.stdin io.stdout os.clock os.date os.difftime os.execute os.exit os.getenv os.remove os.rename os.setlocale os.time os.tmpname debug.debug debug.getfenv debug.gethook debug.getinfo debug.getlocal debug.getmetatable debug.getregistry debug.getupvalue debug.getuservalue debug.setfenv debug.sethook debug.setlocal debug.setmetatable debug.setupvalue debug.setuservalue debug.traceback debug.upvalueid debug.upvaluejoin package.cpath package.loaded package.loaders package.loadlib package.path package.preload package.seeall</Keywords>
        </Language>
        <Language name="makefile" ext="mak" commentLine="#">
        </Language>
        <Language name="matlab" ext="m" commentLine="%" commentStart="" commentEnd="">
            <Keywords name="instre1">break case catch classdef continue else elseif end for function global if otherwise parfor persistent return switch try while</Keywords>
        </Language>
        <Language name="mmixal" ext="mms" commentLine="%" commentStart="" commentEnd="">
            <Keywords name="instre1">2ADDU 4ADDU 8ADDU 16ADDU ADD ADDU AND ANDNH ANDNL ANDNMH ANDNML BDIF BEV BN BNN BNP BNZ BOD BP BSPEC BYTE BZ CMP CMPU CSEV CSN CSNN CSNP CSNZ CSOD CSP CSWAP CSZ DIV DIVU ESPEC EXPR FADD FCMP FCMPE FDIV FEQL FEQLE FIX FIXU FLOT FLOTU FMUL FREM FSQRT FSUB FUN FUNE GET GETA GO GREG I_BIT INCH INCL INCMH INCML IS JMP LDA LDB LDBU LDHT LDO LDOU LDSF LDT LDTU LDUNC LDVTS LDW LDWU LOC LOCAL MOR MUL MULU MUX MXOR NAND NEG NEGU NNIX NOR NXOR O_BIT OCTA ODIF OR ORH ORL ORMH ORML ORN PBEV PBN PBNN PBNP PBNZ PBOD PBP PBZ POP PREFIX PREGO PRELD PREST PUSHGO PUSHJ PUT RESUME SAVE SET SETH SETL SETMH SETML SFLOT SFLOTU SL SLU SR SRU STB STBU STCO STHT STO STOU STSF STT STTU STUNC STW STWU SUB SUBU SWYM SYNC SYNCD TDIF TETRA TRAP TRIP UNSAVE WDIF WYDEXOR ZSEV ZSN ZSNN ZSNP ZSNZ ZSOD ZSP ZSZ</Keywords>
            <Keywords name="instre2">rA rB rC rD rE rF rG rH rI rJ rK rL rM rN rO rP rQ rR rS rT rU rV rW rX rY rZ rBB rTT rWW rXX rYY rZZ</Keywords>
            <Keywords name="type1">@ Text_Segment Data_Segment Pool_Segment Stack_Segment StdErr StdIn StdOut Fopen Fclose Fread Fwrite Fgets Fputs Fgetws Fputws Ftell Fseek TextRead TextWrite BinaryRead BinaryWrite BinaryReadWrite</Keywords>
        </Language>
        <Language name="nimrod" ext="nim" commentLine="#" commentStart="" commentEnd="">
            <Keywords name="instre1">addr and as asm block break case cast const continue converter discard div elif else end enum except exception finally for from generic if implies import in include is isnot iterator lambda macro method mod nil not notin object of or out proc ptr raise ref return shl shr template try tuple type var when where while with without xor yield</Keywords>
        </Language>
        <Language name="nfo" ext="nfo">
        </Language>
        <Language name="objc" ext="mm" commentLine="//" commentStart="/*" commentEnd="*/">
            <Keywords name="instre1">if else switch case default break goto return for while do continue typedef sizeof NULL self super nil NIL</Keywords>
            <Keywords name="instre2">interface implementation protocol end private protected public class selector encode defs</Keywords>
            <Keywords name="type1">void struct union enum char short int long double float signed unsigned const static extern auto register volatile id Class SEL IMP BOOL</Keywords>
            <Keywords name="type2">oneway in out inout bycopy byref</Keywords>
        </Language>
        <Language name="pascal" ext="pas pp p inc lpr" commentStart="{" commentEnd="}">
            <Keywords name="instre1">and array asm begin case cdecl class const constructor default destructor div do downto else end end. except exit exports external far file finalization finally for function goto if implementation in index inherited initialization inline interface label library message mod near nil not object of on or out overload override packed pascal private procedure program property protected public published raise read record register repeat resourcestring safecall set shl shr stdcall stored string then threadvar to try type unit until uses var virtual while with write xor</Keywords>
        </Language>
        <Language name="perl" ext="pl pm plx" commentLine="#">
            <Keywords name="instre1">NULL __FILE__ __LINE__ __PACKAGE__ __DATA__ __END__ AUTOLOAD BEGIN CORE DESTROY END EQ GE GT INIT LE LT NE CHECK abs accept alarm and atan2 bind binmode bless caller chdir chmod chomp chop chown chr chroot close closedir cmp connect continue cos crypt dbmclose dbmopen defined delete die do dump each else elsif endgrent endhostent endnetent endprotoent endpwent endservent eof eq eval exec exists exit exp fcntl fileno flock for foreach fork format formline ge getc getgrent getgrgid getgrnam gethostbyaddr gethostbyname gethostent getlogin getnetbyaddr getnetbyname getnetent getpeername getpgrp getppid getpriority getprotobyname getprotobynumber getprotoent getpwent getpwnam getpwuid getservbyname getservbyport getservent getsockname getsockopt glob gmtime goto grep gt hex if index int ioctl join keys kill last lc lcfirst le length link listen local localtime lock log lstat lt m map mkdir msgctl msgget msgrcv msgsnd my ne next no not oct open opendir or ord our pack package pipe pop pos print printf prototype push q qq qr quotemeta qu qw qx rand read readdir readline readlink readpipe recv redo ref rename require reset return reverse rewinddir rindex rmdir s scalar seek seekdir select semctl semget semop send setgrent sethostent setnetent setpgrp setpriority setprotoent setpwent setservent setsockopt shift shmctl shmget shmread shmwrite shutdown sin sleep socket socketpair sort splice split sprintf sqrt srand stat study sub substr symlink syscall sysopen sysread sysseek system syswrite tell telldir tie tied time times tr truncate uc ucfirst umask undef unless unlink unpack unshift untie until use utime values vec wait waitpid wantarray warn while write x xor y</Keywords>
        </Language>
        <Language name="powershell" ext="ps1 psm1" commentLine="#" commentStart="&lt;#" commentEnd="#&gt;">
            <Keywords name="instre1">break continue do else elseif filter for foreach function if in return switch until where while</Keywords>
            <Keywords name="instre2">add-content add-history add-member add-pssnapin clear-content clear-item clear-itemproperty clear-variable compare-object convertfrom-securestring convert-path convertto-html convertto-securestring copy-item copy-itemproperty export-alias export-clixml export-console export-csv foreach-object format-custom format-list format-table format-wide get-acl get-alias get-authenticodesignature get-childitem get-command get-content get-credential get-culture get-date get-eventlog get-executionpolicy get-help get-history get-host get-item get-itemproperty get-location get-member get-pfxcertificate get-process get-psdrive get-psprovider get-pssnapin get-service get-tracesource get-uiculture get-unique get-variable get-wmiobject group-object import-alias import-clixml import-csv invoke-expression invoke-history invoke-item join-path measure-command measure-object move-item move-itemproperty new-alias new-item new-itemproperty new-object new-psdrive new-service new-timespan new-variable out-default out-file out-host out-null out-printer out-string pop-location push-location read-host remove-item remove-itemproperty remove-psdrive remove-pssnapin remove-variable rename-item rename-itemproperty resolve-path restart-service resume-service select-object select-string set-acl set-alias set-authenticodesignature set-content set-date set-executionpolicy set-item set-itemproperty set-location set-psdebug set-service set-tracesource set-variable sort-object split-path start-service start-sleep start-transcript stop-process stop-service stop-transcript suspend-service tee-object test-path trace-command update-formatdata update-typedata where-object write-debug write-error write-host write-output write-progress write-verbose write-warning</Keywords>
            <Keywords name="type1">ac asnp clc cli clp clv cpi cpp cvpa diff epal epcsv fc fl foreach ft fw gal gc gci gcm gdr ghy gi gl gm gp gps group gsv gsnp gu gv gwmi iex ihy ii ipal ipcsv mi mp nal ndr ni nv oh rdr ri rni rnp rp rsnp rv rvpa sal sasv sc select si sl sleep sort sp spps spsv sv tee where write cat cd clear cp h history kill lp ls mount mv popd ps pushd pwd r rm rmdir echo cls chdir copy del dir erase move rd ren set type</Keywords>
            <Keywords name="type4">component description example externalhelp forwardhelpcategory forwardhelptargetname functionality inputs link notes outputs parameter remotehelprunspace role synopsis</Keywords>
        </Language>
        <Language name="props" ext="properties" commentLine=";">
        </Language>
        <Language name="purebasic" ext="pb" commentLine="" commentStart="" commentEnd="">
            <Keywords name="instre1">and break case continue data datasection declare declarecdll declaredll default deftype dim else elseif end enddatasection endenumeration endif endinterface endprocedure endselect endstructure endstructureunion enumeration extends fakereturn for foreach forever global gosub goto if includebinary includefile includepath interface newlist next or procedure procedurecdll proceduredll procedurereturn protected read repeat restore return select shared static step structure structureunion to until wend while xincludefile</Keywords>
            <Keywords name="instre2">compilercase compilerdefault compilerelse compilerendif compilerendselect compilerif compilerselect</Keywords>
            <Keywords name="type1"></Keywords>
            <Keywords name="type2"></Keywords>
        </Language>
        <Language name="python" ext="py pyw" commentLine="#" tabSettings="132">
            <Keywords name="instre1">and as assert async await break class continue def del elif else except exec False finally for from global if import in is lambda None nonlocal not or pass print raise return True try while with yield</Keywords>
        </Language>
        <Language name="registry" ext="reg" commentLine=";;" commentStart="" commentEnd="">
        </Language>
        <Language name="rc" ext="rc" commentLine="//" commentStart="/*" commentEnd="*/">
            <Keywords name="instre1">ACCELERATORS ALT AUTO3STATE AUTOCHECKBOX AUTORADIOBUTTON BEGIN BITMAP BLOCK BUTTON CAPTION CHARACTERISTICS CHECKBOX CLASS COMBOBOX CONTROL CTEXT CURSOR DEFPUSHBUTTON DIALOG DIALOGEX DISCARDABLE EDITTEXT END EXSTYLE FONT GROUPBOX ICON LANGUAGE LISTBOX LTEXT MENU MENUEX MENUITEM MESSAGETABLE POPUP PUSHBUTTON RADIOBUTTON RCDATA RTEXT SCROLLBAR SEPARATOR SHIFT STATE3 STRINGTABLE STYLE TEXTINCLUDE VALUE VERSION VERSIONINFO VIRTKEY</Keywords>
        </Language>
        <Language name="ruby" ext="rb rbw" commentLine="#">
            <Keywords name="instre1">ARGF ARGV BEGIN END ENV FALSE DATA NIL RUBY_PATCHLEVEL RUBY_PLATFORM RUBY_RELEASE_DATE RUBY_VERSION PLATFORM RELEASE_DATE STDERR STDIN STDOUT TOPLEVEL_BINDING TRUE __ENCODING__ __END__ __FILE__ __LINE__ alias and begin break case class def defined? do else elsif end ensure false for if in module next nil not or redo rescue retry return self super then true undef unless until when while yield</Keywords>
        </Language>
        <Language name="rust" ext="rs" commentLine="//" commentStart="/*" commentEnd="*/">
            <Keywords name="instre1">abstract as async become box break const continue crate do dyn else enum extern false final fn for if impl in let loop macro match mod move mut override priv pub ref return self static struct super trait true try type typeof unsafe unsized use virtual where while yield</Keywords>
            <Keywords name="instre2">bool char f32 f64 i128 i16 i32 i64 i8 isize str u128 u16 u32 u64 u8 usize</Keywords>
            <Keywords name="type1">Self</Keywords>
            <Keywords name="type2"></Keywords>
            <Keywords name="type3"></Keywords>
            <Keywords name="type4"></Keywords>
            <Keywords name="type5"></Keywords>
        </Language>
        <Language name="smalltalk" ext="st" commentStart="&quot;" commentEnd="&quot;">
            <Keywords name="instre1">ifTrue: ifFalse: whileTrue: whileFalse: ifNil: ifNotNil: whileTrue whileFalse repeat isNil notNil</Keywords>
        </Language>
        <Language name="sql" ext="sql" commentStart="/*" commentEnd="*/" commentLine="--">
            <Keywords name="instre1">abs absolute access acos add add_months adddate admin after aggregate all allocate alter and any app_name are array as asc ascii asin assertion at atan atn2 audit authid authorization autonomous_transaction avg before begin benchmark between bfilename bigint bin binary binary_checksum binary_integer bit bit_count bit_and bit_or blob body boolean both breadth bulk by call cascade cascaded case cast catalog ceil ceiling char char_base character charindex chartorowid check checksum checksum_agg chr class clob close cluster coalesce col_length col_name collate collation collect column comment commit completion compress concat concat_ws connect connection constant constraint constraints constructorcreate contains containsable continue conv convert corr corresponding cos cot count count_big covar_pop covar_samp create cross cube cume_dist current current_date current_path current_role current_time current_timestamp current_user currval cursor cycle data datalength databasepropertyex date date_add date_format date_sub dateadd datediff datename datepart datetime day db_id db_name deallocate dec declare decimal decode default deferrable deferred degrees delete dense_rank depth deref desc describe descriptor destroy destructor deterministic diagnostics dictionary disconnect difference distinct do domain double drop dump dynamic each else elsif empth encode encrypt end end-exec equals escape every except exception exclusive exec execute exists exit exp export_set extends external extract false fetch first first_value file float floor file_id file_name filegroup_id filegroup_name filegroupproperty fileproperty for forall foreign format formatmessage found freetexttable from from_days fulltextcatalog fulltextservice function general get get_lock getdate getansinull getutcdate global go goto grant greatest group grouping having heap hex hextoraw host host_id host_name hour ident_incr ident_seed ident_current identified identity if ifnull ignore immediate in increment index index_col indexproperty indicator initcap initial initialize initially inner inout input insert instr instrb int integer interface intersect interval into is is_member is_srvrolemember is_null is_numeric isdate isnull isolation iterate java join key lag language large last last_day last_value lateral lcase lead leading least left len length lengthb less level like limit limited ln lpad local localtime localtimestamp locator lock log log10 long loop lower ltrim make_ref map match max maxextents merge mid min minus minute mlslabel mod mode modifies modify module month months_between names national natural naturaln nchar nclob new new_time newid next next_day nextval no noaudit nocompress nocopy none not nowait null nullif number number_base numeric nvl nvl2 nvarchar object object_id object_name object_property ocirowid oct of off offline old on online only opaque open operator operation option or ord order ordinalityorganization others out outer output package pad parameter parameters partial partition path pctfree percent_rank pi pls_integer positive positiven postfix pow power pragma precision prefix preorder prepare preserve primary prior private privileges procedure public radians raise rand range rank ratio_to_export raw rawtohex read reads real record recursive ref references referencing reftohex relative release release_lock rename repeat replace resource restrict result return returns reverse revoke right rollback rollup round routine row row_number rowid rowidtochar rowlabel rownum rows rowtype rpad rtrim savepoint schema scroll scope search second section seddev_samp select separate sequence session session_user set sets share sign sin sinh size smallint some soundex space specific specifictype sql sqlcode sqlerrm sqlexception sqlstate sqlwarning sqrt start state statement static std stddev stdev_pop strcmp structure subdate substr substrb substring substring_index subtype successful sum synonym sys_context sys_guid sysdate system_user table tan tanh temporary terminate than then time timestamp timezone_abbr timezone_minute timezone_hour timezone_region tinyint to to_char to_date to_days to_number to_single_byte trailing transaction translate translation treat trigger trim true trunc truncate type ucase uid under union unique uniqueidentifier unknown unnest update upper usage use user userenv using validate value values var_pop var_samp varbinary varchar varchar2 variable variance varying view vsize when whenever where with without while work write year zone</Keywords>
        </Language>
        <Language name="srec" ext="mot srec" />
        <Language name="swift" ext="swift" commentLine="//" commentStart="/*" commentEnd="*/">
            <Keywords name="instre1">class deinit enum extension func import init internal let operator private protocol public static struct subscript typealias var keywordclass.swift.statements=break case continue default do else fallthrough for if in return switch where while</Keywords>
            <Keywords name="type1">as dynamicType false is nil self Self super true __COLUMN__ __FILE__ __FUNCTION__ __LINE__</Keywords>
            <Keywords name="type2">associativity convenience dynamic didSet final get infix inout lazy left mutating none nonmutating optional override postfix precedence prefix Protocol required right set Type unowned weak willSet</Keywords>
        </Language>
        <Language name="tcl" ext="tcl" commentLine="#">
            <Keywords name="instre1">after append apply array auto_execok auto_import auto_load auto_load_index auto_qualify auto_reset bgerror binary break catch cd chan clock close concat continue coroutine dde dict default else elseif encoding env eof error eval exec exit expr fblocked fconfigure fcopy file fileevent filename flush for foreach format gets glob global history http if incr info interp join lappend lassign lindex linsert list llength lmap load lrange lrepeat lreplace lreverse lsearch lset lsort memory my namespace next nextto oo::class oo::copy oo::define oo::objdefine oo::object open package parray pid pkg_mkIndex platform proc puts pwd read regexp registry regsub rename return scan seek self set socket source split string subst switch tailcall tclLog tclMacPkgSearch tclPkgSetup tclPkgUnknown tell throw time trace try unknown unload unset update uplevel upvar variable vwait while yield yeildto zlib</Keywords>
            <Keywords name="instre2">bell bind bindtags button canvas checkbutton console destroy entry event focus font frame grab grid image label labelframe listbox lower menu menubutton message option pack panedwindow place radiobutton raise scale scrollbar selection send spinbox text tk tkerror tkwait toplevel ttk::button ttk::checkbutton ttk::combobox ttk::entry ttk::frame ttk::intro ttk::label ttk::labeframe ttk::menubutton ttk::notebook ttk::panedwindow ttk::progressbar ttk::radiobutton ttk::scale ttk::scrollbar ttk::sizegrip ttk::spinbox ttk::style winfo wm</Keywords>
            <Keywords name="type1">@scope body class code common component configbody constructor define destructor hull import inherit itcl itk itk_component itk_initialize itk_interior itk_option iwidgets keep method private protected public</Keywords>
            <Keywords name="type2">tkButtonDown tkButtonEnter tkButtonInvoke tkButtonLeave tkButtonUp tkCancelRepeat tkCheckRadioInvoke tkDarken tkEntryAutoScan tkEntryBackspace tkEntryButton1 tkEntryClosestGap tkEntryInsert tkEntryKeySelect tkEntryMouseSelect tkEntryNextWord tkEntryPaste tkEntryPreviousWord tkEntrySeeInsert tkEntrySetCursor tkEntryTranspose tkEventMotifBindings tkFDGetFileTypes tkFirstMenu tkFocusGroup_Destroy tkFocusGroup_In tkFocusGroup_Out tkFocusOK tkListboxAutoScan tkListboxBeginExtend tkListboxBeginSelect tkListboxBeginToggle tkListboxCancel tkListboxDataExtend tkListboxExtendUpDown tkListboxMotion tkListboxSelectAll tkListboxUpDown tkMbButtonUp tkMbEnter tkMbLeave tkMbMotion tkMbPost tkMenuButtonDown tkMenuDownArrow tkMenuDup tkMenuEscape tkMenuFind tkMenuFindName tkMenuFirstEntry tkMenuInvoke tkMenuLeave tkMenuLeftArrow tkMenuMotion tkMenuNextEntry tkMenuNextMenu tkMenuRightArrow tkMenuUnpost tkMenuUpArrow tkMessageBox tkPostOverPoint tkRecolorTree tkRestoreOldGrab tkSaveGrabInfo tkScaleActivate tkScaleButton2Down tkScaleButtonDown tkScaleControlPress tkScaleDrag tkScaleEndDrag tkScaleIncrement tkScreenChanged tkScrollButton2Down tkScrollButtonDown tkScrollButtonUp tkScrollByPages tkScrollByUnits tkScrollDrag tkScrollEndDrag tkScrollSelect tkScrollStartDrag tkScrollToPos  tkScrollTopBottom tkTabToWindow tkTearOffMenu tkTextAutoScan tkTextButton1 tkTextClosestGap tkTextInsert tkTextKeyExtend tkTextKeySelect tkTextNextPara tkTextNextPos tkTextNextWord tkTextPaste tkTextPrevPara tkTextPrevPos tkTextResetAnchor tkTextScrollPages tkTextSelectTo tkTextSetCursor tkTextTranspose tkTextUpDownLine tkTraverseToMenu tkTraverseWithinMenu tk_bisque tk_chooseColor tk_dialog tk_focusFollowsMouse tk_focusNext tk_focusPrev tk_getOpenFile tk_getSaveFile tk_messageBox tk_optionMenu tk_popup tk_setPalette tk_textCopy tk_textCut tk_textPaste</Keywords>
        </Language>
        <Language name="tehex" ext="tek" />
        <Language name="tex" ext="tex" commentLine="%">
        </Language>
        <Language name="vb" ext="vb vbs" commentLine="&apos;" commentStart="" commentEnd="">
            <Keywords name="instre1">addhandler addressof alias and andalso as boolean by byref byte byval call case catch cbool cbyte cchar cdate cdbl cdec char cint class clng cobj const continue csbyte cshort csng cstr ctype cuint culng cushort date decimal declare default delegate dim directcast do double each else elseif end endif enum erase error event exit false finally for friend function get gettype global gosub goto handles if implements imports in inherits integer interface is isnot let lib like long loop me mod module mustinherit mustoverride mybase myclass namespace narrowing new next not nothing notinheritable notoverridable object of on operator option optional or orelse out overloads overridable overrides paramarray partial private property protected public raiseevent readonly redim rem removehandler resume return sbyte select set shadows shared short single static step stop strict string structure sub synclock then throw to true try trycast typeof uinteger ulong ushort using variant wend when while widening with withevents writeonly xor attribute begin currency implement load lset rset type unload aggregate ansi assembly async auto await binary compare custom distinct equals explicit from group into isfalse istrue iterator join key mid off order preserve skip take text unicode until where yield</Keywords>
        </Language>
        <Language name="txt2tags" ext="t2t" commentLine="" commentStart="" commentEnd="">
        </Language>
        <Language name="vhdl" ext="vhd vhdl" commentLine="--">
            <Keywords name="instre1">access after alias all architecture array assert attribute begin block body buffer bus case component configuration constant disconnect downto else elsif end entity exit file for function generate generic group guarded if impure in inertial inout is label library linkage literal loop map new next null of on open others out package port postponed procedure process pure range record register reject report return select severity shared signal subtype then to transport type unaffected units until use variable wait when while with assume assume_guarantee context cover default fairness force parameter property protected release restrict restrict_guarantee sequence strong vmode vprop vunit</Keywords>
            <Keywords name="instre2">abs and mod nand nor not or rem rol ror sla sll sra srl xnor xor</Keywords>
            <Keywords name="type1">left right low high ascending image value pos val succ pred leftof rightof base range reverse_range length delayed stable quiet transaction event active last_event last_active last_value driving driving_value simple_name path_name instance_name</Keywords>
            <Keywords name="type2">now readline read writeline write endfile resolved to_bit to_bitvector to_stdulogic to_stdlogicvector to_stdulogicvector to_x01 to_x01z to_UX01 rising_edge falling_edge is_x shift_left shift_right rotate_left rotate_right resize to_integer to_unsigned to_signed std_match to_01</Keywords>
            <Keywords name="type3">std ieee work standard textio std_logic_1164 std_logic_arith std_logic_misc std_logic_signed std_logic_textio std_logic_unsigned numeric_bit numeric_std math_complex math_real vital_primitives vital_timing</Keywords>
            <Keywords name="type4">boolean bit character severity_level integer real time delay_length natural positive string bit_vector file_open_kind file_open_status line text side width std_ulogic std_ulogic_vector std_logic std_logic_vector X01 X01Z UX01 UX01Z unsigned signed</Keywords>
        </Language>
        <Language name="visualprolog" ext="pro cl i pack ph" commentLine="%" commentStart="/*" commentEnd="*/">
            <Keywords name="instre1">goal namespace interface class implement open inherits supports resolve delegate monitor constants domains predicates constructors properties clauses facts</Keywords>
            <Keywords name="instre2">guard language stdcall apicall c thiscall prolog digits if then elseif else foreach do try catch finally erroneous failure procedure determ multi nondeterm anyflow and or externally from div mod rem quot in orelse otherwise</Keywords>
            <Keywords name="type1">include bininclude requires orrequires if then else elseif endif error message export externally options</Keywords>
            <Keywords name="type2">short detail end exception withdomain</Keywords>
        </Language>
        <Language name="xml" ext="xml xaml xsl xslt xsd xul kml svg mxml xsml wsdl xlf xliff xbl sxbl sitemap gml gpx plist" commentLine="" commentStart="&lt;!--" commentEnd="--&gt;">
        </Language>
        <Language name="yaml" ext="yml yaml" commentLine="#" tabSettings="132">
          <Keywords name="instre1">true false yes no</Keywords>
        </Language>
        <Language name="searchResult" ext="">
            <Keywords name="instre1"></Keywords>
            <Keywords name="instre2"></Keywords>
            <Keywords name="type1"></Keywords>
        </Language>
    </Languages>
</NotepadPlus>
