<NotepadPlus>
    <InternalCommands>
        <Shortcut id="44085" Ctrl="no" Alt="yes" Shift="no" Key="69" />
        <Shortcut id="44080" Ctrl="no" Alt="yes" Shift="no" Key="82" />
        <Shortcut id="44042" Ctrl="no" Alt="no" Shift="no" Key="0" />
        <Shortcut id="44010" Ctrl="no" Alt="no" Shift="no" Key="0" />
        <Shortcut id="44029" Ctrl="no" Alt="no" Shift="no" Key="0" />
        <Shortcut id="44030" Ctrl="no" Alt="no" Shift="no" Key="0" />
        <Shortcut id="44031" Ctrl="no" Alt="no" Shift="no" Key="0" />
        <Shortcut id="47000" Ctrl="no" Alt="no" Shift="no" Key="0" />
        <Shortcut id="42022" Ctrl="yes" Alt="no" Shift="no" Key="191" />
        <Shortcut id="42023" Ctrl="yes" Alt="no" Shift="no" Key="220" />
        <Shortcut id="42036" Ctrl="yes" Alt="no" Shift="yes" Key="220" />
        <Shortcut id="42035" Ctrl="no" Alt="no" Shift="no" Key="0" />
    </InternalCommands>
    <Macros />
    <UserDefinedCommands>
        <Command name="gcc&#x7F16;&#x8BD1;" Ctrl="no" Alt="yes" Shift="no" Key="192">cmd /K cd /d $(CURRENT_DIRECTORY) &amp; gcc -o $(NAME_PART).exe $(FULL_CURRENT_PATH) &amp; exit</Command>
        <Command name="tcc&#x7F16;&#x8BD1;" Ctrl="no" Alt="yes" Shift="no" Key="81">cmd /K cd /d $(CURRENT_DIRECTORY) &amp; tcc -o $(NAME_PART).exe $(FULL_CURRENT_PATH) &amp; exit</Command>
        <Command name="&#x8FD0;&#x884C;" Ctrl="no" Alt="yes" Shift="no" Key="87">cmd /K cd /d $(CURRENT_DIRECTORY) &amp; .\$(NAME_PART).exe &amp; pause &amp; exit</Command>
        <Command name="&#x6253;&#x5F00;&#x5F53;&#x524D;&#x8DEF;&#x5F84;cmd" Ctrl="no" Alt="yes" Shift="no" Key="68">cmd /K cd /d $(CURRENT_DIRECTORY)</Command>
    </UserDefinedCommands>
    <PluginCommands />
    <ScintillaKeys>
        <ScintKey ScintID="2390" menuCmdID="0" Ctrl="yes" Alt="no" Shift="no" Key="0" />
        <ScintKey ScintID="2392" menuCmdID="0" Ctrl="no" Alt="no" Shift="no" Key="0" />
        <ScintKey ScintID="2393" menuCmdID="0" Ctrl="no" Alt="no" Shift="no" Key="0" />
    </ScintillaKeys>
</NotepadPlus>
