<NotepadPlus>
    <InternalCommands>
        <Shortcut id="44085" Ctrl="no" Alt="yes" Shift="no" Key="69" />
        <Shortcut id="44080" Ctrl="no" Alt="yes" Shift="no" Key="82" />
        <Shortcut id="44042" Ctrl="no" Alt="no" Shift="no" Key="0" />
        <Shortcut id="44010" Ctrl="no" Alt="no" Shift="no" Key="0" />
        <Shortcut id="44029" Ctrl="no" Alt="no" Shift="no" Key="0" />
        <Shortcut id="44030" Ctrl="no" Alt="no" Shift="no" Key="0" />
        <Shortcut id="44031" Ctrl="no" Alt="no" Shift="no" Key="0" />
        <Shortcut id="47000" Ctrl="no" Alt="no" Shift="no" Key="0" />
        <Shortcut id="42022" Ctrl="yes" Alt="no" Shift="no" Key="191" />
        <Shortcut id="42023" Ctrl="yes" Alt="no" Shift="no" Key="220" />
        <Shortcut id="42036" Ctrl="yes" Alt="no" Shift="yes" Key="220" />
        <Shortcut id="42035" Ctrl="no" Alt="no" Shift="no" Key="0" />
        <Shortcut id="43009" Ctrl="no" Alt="no" Shift="no" Key="0" />
        <Shortcut id="44051" Ctrl="no" Alt="no" Shift="no" Key="0" />
        <Shortcut id="44052" Ctrl="no" Alt="no" Shift="no" Key="0" />
        <Shortcut id="44053" Ctrl="no" Alt="no" Shift="no" Key="0" />
        <Shortcut id="44054" Ctrl="no" Alt="no" Shift="no" Key="0" />
        <Shortcut id="44055" Ctrl="no" Alt="no" Shift="no" Key="0" />
        <Shortcut id="44056" Ctrl="no" Alt="no" Shift="no" Key="0" />
        <Shortcut id="44057" Ctrl="no" Alt="no" Shift="no" Key="0" />
        <Shortcut id="44058" Ctrl="no" Alt="no" Shift="no" Key="0" />
        <Shortcut id="44061" Ctrl="no" Alt="no" Shift="no" Key="0" />
        <Shortcut id="44062" Ctrl="no" Alt="no" Shift="no" Key="0" />
        <Shortcut id="44063" Ctrl="no" Alt="no" Shift="no" Key="0" />
        <Shortcut id="44064" Ctrl="no" Alt="no" Shift="no" Key="0" />
        <Shortcut id="44065" Ctrl="no" Alt="no" Shift="no" Key="0" />
        <Shortcut id="44066" Ctrl="no" Alt="no" Shift="no" Key="0" />
        <Shortcut id="44067" Ctrl="no" Alt="no" Shift="no" Key="0" />
        <Shortcut id="44068" Ctrl="no" Alt="no" Shift="no" Key="0" />
        <Shortcut id="49000" Ctrl="no" Alt="no" Shift="no" Key="0" />
        <Shortcut id="48009" Ctrl="no" Alt="no" Shift="no" Key="120" />
        <Shortcut id="48018" Ctrl="no" Alt="no" Shift="no" Key="0" />
        <Shortcut id="43048" Ctrl="yes" Alt="no" Shift="no" Key="68" />
        <Shortcut id="43049" Ctrl="yes" Alt="no" Shift="yes" Key="68" />
        <Shortcut id="43014" Ctrl="yes" Alt="yes" Shift="no" Key="68" />
        <Shortcut id="43015" Ctrl="yes" Alt="yes" Shift="yes" Key="68" />
    </InternalCommands>
    <Macros />
    <UserDefinedCommands>
        <Command name="gcc&#x7F16;&#x8BD1;" Ctrl="no" Alt="yes" Shift="no" Key="192">cmd /K cd /d $(CURRENT_DIRECTORY) &amp; gcc -o $(NAME_PART).exe $(FULL_CURRENT_PATH) &amp; pause &amp; exit</Command>
        <Command name="tcc&#x7F16;&#x8BD1;" Ctrl="no" Alt="yes" Shift="no" Key="81">cmd /K cd /d $(CURRENT_DIRECTORY) &amp; tcc -o $(NAME_PART).exe $(FULL_CURRENT_PATH) &amp; pause &amp; exit</Command>
        <Command name="&#x8FD0;&#x884C;" Ctrl="no" Alt="yes" Shift="no" Key="87">cmd /K cd /d $(CURRENT_DIRECTORY) &amp; .\$(NAME_PART).exe &amp; pause &amp; exit</Command>
        <Command name="&#x6253;&#x5F00;&#x5F53;&#x524D;&#x8DEF;&#x5F84;cmd" Ctrl="no" Alt="yes" Shift="no" Key="68">cmd /K cd /d $(CURRENT_DIRECTORY)</Command>
        <Command name="python&#x8FD0;&#x884C;" Ctrl="yes" Alt="no" Shift="no" Key="66">cmd /k cd /d &quot;$(CURRENT_DIRECTORY)&quot; &amp; python &quot;$(FULL_CURRENT_PATH)&quot; &amp; ECHO. &amp; PAUSE &amp; EXIT</Command>
    </UserDefinedCommands>
    <ScintillaKeys>
        <ScintKey ScintID="2390" menuCmdID="0" Ctrl="yes" Alt="no" Shift="no" Key="0" />
        <ScintKey ScintID="2392" menuCmdID="0" Ctrl="no" Alt="no" Shift="no" Key="0" />
        <ScintKey ScintID="2393" menuCmdID="0" Ctrl="no" Alt="no" Shift="no" Key="0" />
        <ScintKey ScintID="2469" menuCmdID="42010" Ctrl="no" Alt="no" Shift="no" Key="0" />
        <ScintKey ScintID="2413" menuCmdID="0" Ctrl="no" Alt="no" Shift="no" Key="0" />
        <ScintKey ScintID="2414" menuCmdID="0" Ctrl="no" Alt="no" Shift="no" Key="0" />
        <ScintKey ScintID="2415" menuCmdID="0" Ctrl="no" Alt="no" Shift="no" Key="0" />
        <ScintKey ScintID="2416" menuCmdID="0" Ctrl="no" Alt="no" Shift="no" Key="0" />
        <ScintKey ScintID="2327" menuCmdID="42008" Ctrl="no" Alt="no" Shift="no" Key="9">
            <NextKey Ctrl="yes" Alt="no" Shift="no" Key="221" />
        </ScintKey>
        <ScintKey ScintID="2328" menuCmdID="42009" Ctrl="no" Alt="no" Shift="yes" Key="9">
            <NextKey Ctrl="yes" Alt="no" Shift="no" Key="219" />
        </ScintKey>
        <ScintKey ScintID="2391" menuCmdID="0" Ctrl="no" Alt="no" Shift="no" Key="0" />
    </ScintillaKeys>
</NotepadPlus>
